-- MPI_TEST
INSERT INTO mpi_test
VALUES 
    (11,    '039192-52', '2023-02-02', true, 1, 'archived', '0', '0', '0', 'positive', 'positive', 'positive', 'positive', 150.00, 169.00, 100, 40, '2023-03-01 21:26:51.219669', '2023-03-01 21:26:51.219669'),
    (12,    '039192-52', '2023-02-03', true, 1, 'archived', '0', '0', '0', 'positive', 'positive', 'positive', 'positive', 150.00, 169.00, 100, 40, '2023-03-02 21:26:51.219669', '2023-03-02 21:26:51.219669'),
    (13,    '039192-52', '2023-02-04', true, 1, 'archived', '0', '0', '0', 'positive', 'positive', 'positive', 'positive', 150.00, 169.00, 100, 40, '2023-03-01 21:26:51.219669', '2023-03-01 21:26:51.219669'),
    (14,    '039192-52', '2023-02-05', true, 1, 'archived', '0', '0', '0', 'positive', 'positive', 'positive', 'positive', 150.00, 169.00, 100, 40, '2023-03-02 21:26:51.219669', '2023-03-02 21:26:51.219669'),
    (15,    '039192-52', '2023-02-06', true, 1, 'archived', '0', '0', '0', 'positive', 'positive', 'positive', 'positive', 150.00, 169.00, 100, 40, '2023-03-01 21:26:51.219669', '2023-03-01 21:26:51.219669'),
    (16,    '039192-52', '2023-02-07', true, 1, 'archived', '0', '0', '0', 'positive', 'positive', 'positive', 'positive', 150.00, 169.00, 100, 40, '2023-03-02 21:26:51.219669', '2023-03-02 21:26:51.219669'),
    (17,    '039192-52', '2023-02-08', true, 1, 'archived', '0', '0', '0', 'positive', 'positive', 'positive', 'positive', 150.00, 169.00, 100, 40, '2023-03-01 21:26:51.219669', '2023-03-01 21:26:51.219669'),
    (18,    '039192-52', '2023-02-09', true, 1, 'archived', '0', '0', '0', 'positive', 'positive', 'positive', 'positive', 150.00, 169.00, 100, 40, '2023-03-02 21:26:51.219669', '2023-03-02 21:26:51.219669'),
    (19,    '039192-52', '2023-02-10', true, 1, 'archived', '0', '0', '0', 'positive', 'positive', 'positive', 'positive', 150.00, 169.00, 100, 40, '2023-03-01 21:26:51.219669', '2023-03-01 21:26:51.219669'),
    (20,    '039192-52', '2023-02-11', true, 1, 'archived', '0', '0', '0', 'positive', 'positive', 'positive', 'positive', 150.00, 169.00, 100, 40, '2023-03-02 21:26:51.219669', '2023-03-02 21:26:51.219669');

-- ------------------------------------------------------------------------------------------------------------------------------------------------------------------------

-- MPI_CROP_IMG
INSERT INTO public.mpi_crop_img(mpi_test_id, stress_perfusion_dpath, rest_perfusion_dpath, stress_severity_dpath, rest_severity_dpath, stress_blackout_dpath, rest_blackout_dpath, stress_def_sev_dpath, rest_def_sev_dpath)
VALUES 
    (11,    '/opt/heartmpi-front-web/data/4dm-mpi/completed/039192-52/98/data/cropped_images/stress/perfusion', '/opt/heartmpi-front-web/data/4dm-mpi/completed/039192-52/98/data/cropped_images/rest/perfusion', '/opt/heartmpi-front-web/data/4dm-mpi/completed/039192-52/98/data/cropped_images/stress/severity', '/opt/heartmpi-front-web/data/4dm-mpi/completed/039192-52/98/data/cropped_images/rest/severity', '/opt/heartmpi-front-web/data/4dm-mpi/completed/039192-52/98/data/cropped_images/stress/blackout', '/opt/heartmpi-front-web/data/4dm-mpi/completed/039192-52/98/data/cropped_images/rest/blackout', '/opt/heartmpi-front-web/data/4dm-mpi/completed/039192-52/98/data/cropped_images/stress/def-severity', '/opt/heartmpi-front-web/data/4dm-mpi/completed/039192-52/98/data/cropped_images/rest/def-severity'),
    (12,    '/opt/heartmpi-front-web/data/4dm-mpi/completed/039192-52/98/data/cropped_images/stress/perfusion', '/opt/heartmpi-front-web/data/4dm-mpi/completed/039192-52/98/data/cropped_images/rest/perfusion', '/opt/heartmpi-front-web/data/4dm-mpi/completed/039192-52/98/data/cropped_images/stress/severity', '/opt/heartmpi-front-web/data/4dm-mpi/completed/039192-52/98/data/cropped_images/rest/severity', '/opt/heartmpi-front-web/data/4dm-mpi/completed/039192-52/98/data/cropped_images/stress/blackout', '/opt/heartmpi-front-web/data/4dm-mpi/completed/039192-52/98/data/cropped_images/rest/blackout', '/opt/heartmpi-front-web/data/4dm-mpi/completed/039192-52/98/data/cropped_images/stress/def-severity', '/opt/heartmpi-front-web/data/4dm-mpi/completed/039192-52/98/data/cropped_images/rest/def-severity'),
    (13,    '/opt/heartmpi-front-web/data/4dm-mpi/completed/039192-52/98/data/cropped_images/stress/perfusion', '/opt/heartmpi-front-web/data/4dm-mpi/completed/039192-52/98/data/cropped_images/rest/perfusion', '/opt/heartmpi-front-web/data/4dm-mpi/completed/039192-52/98/data/cropped_images/stress/severity', '/opt/heartmpi-front-web/data/4dm-mpi/completed/039192-52/98/data/cropped_images/rest/severity', '/opt/heartmpi-front-web/data/4dm-mpi/completed/039192-52/98/data/cropped_images/stress/blackout', '/opt/heartmpi-front-web/data/4dm-mpi/completed/039192-52/98/data/cropped_images/rest/blackout', '/opt/heartmpi-front-web/data/4dm-mpi/completed/039192-52/98/data/cropped_images/stress/def-severity', '/opt/heartmpi-front-web/data/4dm-mpi/completed/039192-52/98/data/cropped_images/rest/def-severity'),
    (14,    '/opt/heartmpi-front-web/data/4dm-mpi/completed/039192-52/98/data/cropped_images/stress/perfusion', '/opt/heartmpi-front-web/data/4dm-mpi/completed/039192-52/98/data/cropped_images/rest/perfusion', '/opt/heartmpi-front-web/data/4dm-mpi/completed/039192-52/98/data/cropped_images/stress/severity', '/opt/heartmpi-front-web/data/4dm-mpi/completed/039192-52/98/data/cropped_images/rest/severity', '/opt/heartmpi-front-web/data/4dm-mpi/completed/039192-52/98/data/cropped_images/stress/blackout', '/opt/heartmpi-front-web/data/4dm-mpi/completed/039192-52/98/data/cropped_images/rest/blackout', '/opt/heartmpi-front-web/data/4dm-mpi/completed/039192-52/98/data/cropped_images/stress/def-severity', '/opt/heartmpi-front-web/data/4dm-mpi/completed/039192-52/98/data/cropped_images/rest/def-severity'),
    (15,    '/opt/heartmpi-front-web/data/4dm-mpi/completed/039192-52/98/data/cropped_images/stress/perfusion', '/opt/heartmpi-front-web/data/4dm-mpi/completed/039192-52/98/data/cropped_images/rest/perfusion', '/opt/heartmpi-front-web/data/4dm-mpi/completed/039192-52/98/data/cropped_images/stress/severity', '/opt/heartmpi-front-web/data/4dm-mpi/completed/039192-52/98/data/cropped_images/rest/severity', '/opt/heartmpi-front-web/data/4dm-mpi/completed/039192-52/98/data/cropped_images/stress/blackout', '/opt/heartmpi-front-web/data/4dm-mpi/completed/039192-52/98/data/cropped_images/rest/blackout', '/opt/heartmpi-front-web/data/4dm-mpi/completed/039192-52/98/data/cropped_images/stress/def-severity', '/opt/heartmpi-front-web/data/4dm-mpi/completed/039192-52/98/data/cropped_images/rest/def-severity'),
    (16,    '/opt/heartmpi-front-web/data/4dm-mpi/completed/039192-52/98/data/cropped_images/stress/perfusion', '/opt/heartmpi-front-web/data/4dm-mpi/completed/039192-52/98/data/cropped_images/rest/perfusion', '/opt/heartmpi-front-web/data/4dm-mpi/completed/039192-52/98/data/cropped_images/stress/severity', '/opt/heartmpi-front-web/data/4dm-mpi/completed/039192-52/98/data/cropped_images/rest/severity', '/opt/heartmpi-front-web/data/4dm-mpi/completed/039192-52/98/data/cropped_images/stress/blackout', '/opt/heartmpi-front-web/data/4dm-mpi/completed/039192-52/98/data/cropped_images/rest/blackout', '/opt/heartmpi-front-web/data/4dm-mpi/completed/039192-52/98/data/cropped_images/stress/def-severity', '/opt/heartmpi-front-web/data/4dm-mpi/completed/039192-52/98/data/cropped_images/rest/def-severity'),
    (17,    '/opt/heartmpi-front-web/data/4dm-mpi/completed/039192-52/98/data/cropped_images/stress/perfusion', '/opt/heartmpi-front-web/data/4dm-mpi/completed/039192-52/98/data/cropped_images/rest/perfusion', '/opt/heartmpi-front-web/data/4dm-mpi/completed/039192-52/98/data/cropped_images/stress/severity', '/opt/heartmpi-front-web/data/4dm-mpi/completed/039192-52/98/data/cropped_images/rest/severity', '/opt/heartmpi-front-web/data/4dm-mpi/completed/039192-52/98/data/cropped_images/stress/blackout', '/opt/heartmpi-front-web/data/4dm-mpi/completed/039192-52/98/data/cropped_images/rest/blackout', '/opt/heartmpi-front-web/data/4dm-mpi/completed/039192-52/98/data/cropped_images/stress/def-severity', '/opt/heartmpi-front-web/data/4dm-mpi/completed/039192-52/98/data/cropped_images/rest/def-severity'),
    (18,    '/opt/heartmpi-front-web/data/4dm-mpi/completed/039192-52/98/data/cropped_images/stress/perfusion', '/opt/heartmpi-front-web/data/4dm-mpi/completed/039192-52/98/data/cropped_images/rest/perfusion', '/opt/heartmpi-front-web/data/4dm-mpi/completed/039192-52/98/data/cropped_images/stress/severity', '/opt/heartmpi-front-web/data/4dm-mpi/completed/039192-52/98/data/cropped_images/rest/severity', '/opt/heartmpi-front-web/data/4dm-mpi/completed/039192-52/98/data/cropped_images/stress/blackout', '/opt/heartmpi-front-web/data/4dm-mpi/completed/039192-52/98/data/cropped_images/rest/blackout', '/opt/heartmpi-front-web/data/4dm-mpi/completed/039192-52/98/data/cropped_images/stress/def-severity', '/opt/heartmpi-front-web/data/4dm-mpi/completed/039192-52/98/data/cropped_images/rest/def-severity'),
    (19,    '/opt/heartmpi-front-web/data/4dm-mpi/completed/039192-52/98/data/cropped_images/stress/perfusion', '/opt/heartmpi-front-web/data/4dm-mpi/completed/039192-52/98/data/cropped_images/rest/perfusion', '/opt/heartmpi-front-web/data/4dm-mpi/completed/039192-52/98/data/cropped_images/stress/severity', '/opt/heartmpi-front-web/data/4dm-mpi/completed/039192-52/98/data/cropped_images/rest/severity', '/opt/heartmpi-front-web/data/4dm-mpi/completed/039192-52/98/data/cropped_images/stress/blackout', '/opt/heartmpi-front-web/data/4dm-mpi/completed/039192-52/98/data/cropped_images/rest/blackout', '/opt/heartmpi-front-web/data/4dm-mpi/completed/039192-52/98/data/cropped_images/stress/def-severity', '/opt/heartmpi-front-web/data/4dm-mpi/completed/039192-52/98/data/cropped_images/rest/def-severity'),
    (20,    '/opt/heartmpi-front-web/data/4dm-mpi/completed/039192-52/98/data/cropped_images/stress/perfusion', '/opt/heartmpi-front-web/data/4dm-mpi/completed/039192-52/98/data/cropped_images/rest/perfusion', '/opt/heartmpi-front-web/data/4dm-mpi/completed/039192-52/98/data/cropped_images/stress/severity', '/opt/heartmpi-front-web/data/4dm-mpi/completed/039192-52/98/data/cropped_images/rest/severity', '/opt/heartmpi-front-web/data/4dm-mpi/completed/039192-52/98/data/cropped_images/stress/blackout', '/opt/heartmpi-front-web/data/4dm-mpi/completed/039192-52/98/data/cropped_images/rest/blackout', '/opt/heartmpi-front-web/data/4dm-mpi/completed/039192-52/98/data/cropped_images/stress/def-severity', '/opt/heartmpi-front-web/data/4dm-mpi/completed/039192-52/98/data/cropped_images/rest/def-severity');

-- ------------------------------------------------------------------------------------------------------------------------------------------------------------------------

-- STRESS_QUANTI
INSERT INTO public.stress_quanti (mpi_test_id, max_perfusion, ocr_max_perfusion, ocr_clv_max_perfusion, "interval", ocr_interval, ocr_clv_interval, es, ocr_es, ocr_clv_es, ed, ocr_ed, ocr_clv_ed, lvef, ocr_lvef, ocr_clv_lvef, lad_perf_mean, ocr_lad_perf_mean, ocr_clv_lad_perf_mean, lad_perf_sd, ocr_lad_perf_sd, ocr_clv_lad_perf_sd, lad_wt_mean, ocr_lad_wt_mean, ocr_clv_lad_wt_mean, lad_wt_sd, ocr_lad_wt_sd, ocr_clv_lad_wt_sd, lad_wm_mean, ocr_lad_wm_mean, ocr_clv_lad_wm_mean, lad_wm_sd, ocr_lad_wm_sd, ocr_clv_lad_wm_sd, lcx_perf_mean, ocr_lcx_perf_mean, ocr_clv_lcx_perf_mean, lcx_perf_sd, ocr_lcx_perf_sd, ocr_clv_lcx_perf_sd, lcx_wt_mean, ocr_lcx_wt_mean, ocr_clv_lcx_wt_mean, lcx_wt_sd, ocr_lcx_wt_sd, ocr_clv_lcx_wt_sd, lcx_wm_mean, ocr_lcx_wm_mean, ocr_clv_lcx_wm_mean, lcx_wm_sd, ocr_lcx_wm_sd, ocr_clv_lcx_wm_sd, rca_perf_mean, ocr_rca_perf_mean, ocr_clv_rca_perf_mean, rca_perf_sd, ocr_rca_perf_sd, ocr_clv_rca_perf_sd, rca_wt_mean, ocr_rca_wt_mean, ocr_clv_rca_wt_mean, rca_wt_sd, ocr_rca_wt_sd, ocr_clv_rca_wt_sd, rca_wm_mean, ocr_rca_wm_mean, ocr_clv_rca_wm_mean, rca_wm_sd, ocr_rca_wm_sd, ocr_clv_rca_wm_sd, tot_perf_mean, ocr_tot_perf_mean, ocr_clv_tot_perf_mean, tot_perf_sd, ocr_tot_perf_sd, ocr_clv_tot_perf_sd, tot_wt_mean, ocr_tot_wt_mean, ocr_clv_tot_wt_mean, tot_wt_sd, ocr_tot_wt_sd, ocr_clv_tot_wt_sd, tot_wm_mean, ocr_tot_wm_mean, ocr_clv_tot_wm_mean, tot_wm_sd, ocr_tot_wm_sd, ocr_clv_tot_wm_sd, lad_perf_ext, ocr_lad_perf_ext, ocr_clv_lad_perf_ext, lad_perf_sev, ocr_lad_perf_sev, ocr_clv_lad_perf_sev, lad_wt_ext, ocr_lad_wt_ext, ocr_clv_lad_wt_ext, lad_wt_sev, ocr_lad_wt_sev, ocr_clv_lad_wt_sev, lad_wm_ext, ocr_lad_wm_ext, ocr_clv_lad_wm_ext, lad_wm_sev, ocr_lad_wm_sev, ocr_clv_lad_wm_sev, lcx_perf_ext, ocr_lcx_perf_ext, ocr_clv_lcx_perf_ext, lcx_perf_sev, ocr_lcx_perf_sev, ocr_clv_lcx_perf_sev, lcx_wt_ext, ocr_lcx_wt_ext, ocr_clv_lcx_wt_ext, lcx_wt_sev, ocr_lcx_wt_sev, ocr_clv_lcx_wt_sev, lcx_wm_ext, ocr_lcx_wm_ext, ocr_clv_lcx_wm_ext, lcx_wm_sev, ocr_lcx_wm_sev, ocr_clv_lcx_wm_sev, rca_perf_ext, ocr_rca_perf_ext, ocr_clv_rca_perf_ext, rca_perf_sev, ocr_rca_perf_sev, ocr_clv_rca_perf_sev, rca_wt_ext, ocr_rca_wt_ext, ocr_clv_rca_wt_ext, rca_wt_sev, ocr_rca_wt_sev, ocr_clv_rca_wt_sev, rca_wm_ext, ocr_rca_wm_ext, ocr_clv_rca_wm_ext, rca_wm_sev, ocr_rca_wm_sev, ocr_clv_rca_wm_sev, tot_perf_ext, ocr_tot_perf_ext, ocr_clv_tot_perf_ext, tot_perf_sev, ocr_tot_perf_sev, ocr_clv_tot_perf_sev, tot_wt_ext, ocr_tot_wt_ext, ocr_clv_tot_wt_ext, tot_wt_sev, ocr_tot_wt_sev, ocr_clv_tot_wt_sev, tot_wm_ext, ocr_tot_wm_ext, ocr_clv_tot_wm_ext, tot_wm_sev, ocr_tot_wm_sev, ocr_clv_tot_wm_sev) 
VALUES 
    (11, 1172.00, 1172.00, 94.00, 8.00, 8.00, 54.00, 28.00, 28.00, 95.00, 95.00, 95.00, 96.00, 70.00, 70.00, 80.00, 0.00, 0.00, 95.00, 0.80, 0.80, 94.00, -1.00, -1.00, 90.00, 0.60, 0.60, 94.00, -1.10, -1.10, 47.00, 1.00, 1.00, 96.00, 1.30, 1.30, 95.00, 2.30, 2.30, 94.00, -0.90, -0.90, 0.00, 0.80, 0.80, 94.00, -0.70, -0.70, 0.00, 0.40, 0.40, 95.00, -0.70, -0.70, 0.00, 1.70, 1.70, 74.00, -0.50, -0.50, 0.00, 1.00, 1.00, 96.00, -0.80, -0.80, 0.00, 0.70, 0.70, 90.00, 0.20, 0.20, 93.00, 1.60, 1.60, 96.00, -0.80, -0.80, 0.00, 0.80, 0.80, 96.00, -0.80, -0.80, 0.00, 0.90, 0.90, 95.00, 0.00, 0.00, 59.00, 0.00, 0.00, 91.00, 0.00, 0.00, 59.00, 0.00, 0.00, 91.00, 0.00, 0.00, 59.00, 0.00, 0.00, 91.00, 26.00, 26.00, 96.00, 4.50, 4.50, 85.00, 0.00, 0.00, 59.00, 0.00, 0.00, 91.00, 0.00, 0.00, 90.00, 0.00, 0.00, 94.00, 0.00, 0.00, 59.00, 0.00, 0.00, 91.00, 0.00, 0.00, 90.00, 0.00, 0.00, 94.00, 0.00, 0.00, 94.00, 0.00, 0.00, 96.00, 5.00, 5.00, 56.00, 4.40, 4.40, 59.00, 0.00, 0.00, 94.00, 0.00, 0.00, 96.00, 0.00, 0.00, 88.00, 0.00, 0.00, 94.00),
    (12, 1172.00, 1172.00, 94.00, 8.00, 8.00, 54.00, 28.00, 28.00, 95.00, 95.00, 95.00, 96.00, 70.00, 70.00, 80.00, 0.00, 0.00, 95.00, 0.80, 0.80, 94.00, -1.00, -1.00, 90.00, 0.60, 0.60, 94.00, -1.10, -1.10, 47.00, 1.00, 1.00, 96.00, 1.30, 1.30, 95.00, 2.30, 2.30, 94.00, -0.90, -0.90, 0.00, 0.80, 0.80, 94.00, -0.70, -0.70, 0.00, 0.40, 0.40, 95.00, -0.70, -0.70, 0.00, 1.70, 1.70, 74.00, -0.50, -0.50, 0.00, 1.00, 1.00, 96.00, -0.80, -0.80, 0.00, 0.70, 0.70, 90.00, 0.20, 0.20, 93.00, 1.60, 1.60, 96.00, -0.80, -0.80, 0.00, 0.80, 0.80, 96.00, -0.80, -0.80, 0.00, 0.90, 0.90, 95.00, 0.00, 0.00, 59.00, 0.00, 0.00, 91.00, 0.00, 0.00, 59.00, 0.00, 0.00, 91.00, 0.00, 0.00, 59.00, 0.00, 0.00, 91.00, 26.00, 26.00, 96.00, 4.50, 4.50, 85.00, 0.00, 0.00, 59.00, 0.00, 0.00, 91.00, 0.00, 0.00, 90.00, 0.00, 0.00, 94.00, 0.00, 0.00, 59.00, 0.00, 0.00, 91.00, 0.00, 0.00, 90.00, 0.00, 0.00, 94.00, 0.00, 0.00, 94.00, 0.00, 0.00, 96.00, 5.00, 5.00, 56.00, 4.40, 4.40, 59.00, 0.00, 0.00, 94.00, 0.00, 0.00, 96.00, 0.00, 0.00, 88.00, 0.00, 0.00, 94.00),
    (13, 1172.00, 1172.00, 94.00, 8.00, 8.00, 54.00, 28.00, 28.00, 95.00, 95.00, 95.00, 96.00, 70.00, 70.00, 80.00, 0.00, 0.00, 95.00, 0.80, 0.80, 94.00, -1.00, -1.00, 90.00, 0.60, 0.60, 94.00, -1.10, -1.10, 47.00, 1.00, 1.00, 96.00, 1.30, 1.30, 95.00, 2.30, 2.30, 94.00, -0.90, -0.90, 0.00, 0.80, 0.80, 94.00, -0.70, -0.70, 0.00, 0.40, 0.40, 95.00, -0.70, -0.70, 0.00, 1.70, 1.70, 74.00, -0.50, -0.50, 0.00, 1.00, 1.00, 96.00, -0.80, -0.80, 0.00, 0.70, 0.70, 90.00, 0.20, 0.20, 93.00, 1.60, 1.60, 96.00, -0.80, -0.80, 0.00, 0.80, 0.80, 96.00, -0.80, -0.80, 0.00, 0.90, 0.90, 95.00, 0.00, 0.00, 59.00, 0.00, 0.00, 91.00, 0.00, 0.00, 59.00, 0.00, 0.00, 91.00, 0.00, 0.00, 59.00, 0.00, 0.00, 91.00, 26.00, 26.00, 96.00, 4.50, 4.50, 85.00, 0.00, 0.00, 59.00, 0.00, 0.00, 91.00, 0.00, 0.00, 90.00, 0.00, 0.00, 94.00, 0.00, 0.00, 59.00, 0.00, 0.00, 91.00, 0.00, 0.00, 90.00, 0.00, 0.00, 94.00, 0.00, 0.00, 94.00, 0.00, 0.00, 96.00, 5.00, 5.00, 56.00, 4.40, 4.40, 59.00, 0.00, 0.00, 94.00, 0.00, 0.00, 96.00, 0.00, 0.00, 88.00, 0.00, 0.00, 94.00),
    (14, 1172.00, 1172.00, 94.00, 8.00, 8.00, 54.00, 28.00, 28.00, 95.00, 95.00, 95.00, 96.00, 70.00, 70.00, 80.00, 0.00, 0.00, 95.00, 0.80, 0.80, 94.00, -1.00, -1.00, 90.00, 0.60, 0.60, 94.00, -1.10, -1.10, 47.00, 1.00, 1.00, 96.00, 1.30, 1.30, 95.00, 2.30, 2.30, 94.00, -0.90, -0.90, 0.00, 0.80, 0.80, 94.00, -0.70, -0.70, 0.00, 0.40, 0.40, 95.00, -0.70, -0.70, 0.00, 1.70, 1.70, 74.00, -0.50, -0.50, 0.00, 1.00, 1.00, 96.00, -0.80, -0.80, 0.00, 0.70, 0.70, 90.00, 0.20, 0.20, 93.00, 1.60, 1.60, 96.00, -0.80, -0.80, 0.00, 0.80, 0.80, 96.00, -0.80, -0.80, 0.00, 0.90, 0.90, 95.00, 0.00, 0.00, 59.00, 0.00, 0.00, 91.00, 0.00, 0.00, 59.00, 0.00, 0.00, 91.00, 0.00, 0.00, 59.00, 0.00, 0.00, 91.00, 26.00, 26.00, 96.00, 4.50, 4.50, 85.00, 0.00, 0.00, 59.00, 0.00, 0.00, 91.00, 0.00, 0.00, 90.00, 0.00, 0.00, 94.00, 0.00, 0.00, 59.00, 0.00, 0.00, 91.00, 0.00, 0.00, 90.00, 0.00, 0.00, 94.00, 0.00, 0.00, 94.00, 0.00, 0.00, 96.00, 5.00, 5.00, 56.00, 4.40, 4.40, 59.00, 0.00, 0.00, 94.00, 0.00, 0.00, 96.00, 0.00, 0.00, 88.00, 0.00, 0.00, 94.00),
    (15, 1172.00, 1172.00, 94.00, 8.00, 8.00, 54.00, 28.00, 28.00, 95.00, 95.00, 95.00, 96.00, 70.00, 70.00, 80.00, 0.00, 0.00, 95.00, 0.80, 0.80, 94.00, -1.00, -1.00, 90.00, 0.60, 0.60, 94.00, -1.10, -1.10, 47.00, 1.00, 1.00, 96.00, 1.30, 1.30, 95.00, 2.30, 2.30, 94.00, -0.90, -0.90, 0.00, 0.80, 0.80, 94.00, -0.70, -0.70, 0.00, 0.40, 0.40, 95.00, -0.70, -0.70, 0.00, 1.70, 1.70, 74.00, -0.50, -0.50, 0.00, 1.00, 1.00, 96.00, -0.80, -0.80, 0.00, 0.70, 0.70, 90.00, 0.20, 0.20, 93.00, 1.60, 1.60, 96.00, -0.80, -0.80, 0.00, 0.80, 0.80, 96.00, -0.80, -0.80, 0.00, 0.90, 0.90, 95.00, 0.00, 0.00, 59.00, 0.00, 0.00, 91.00, 0.00, 0.00, 59.00, 0.00, 0.00, 91.00, 0.00, 0.00, 59.00, 0.00, 0.00, 91.00, 26.00, 26.00, 96.00, 4.50, 4.50, 85.00, 0.00, 0.00, 59.00, 0.00, 0.00, 91.00, 0.00, 0.00, 90.00, 0.00, 0.00, 94.00, 0.00, 0.00, 59.00, 0.00, 0.00, 91.00, 0.00, 0.00, 90.00, 0.00, 0.00, 94.00, 0.00, 0.00, 94.00, 0.00, 0.00, 96.00, 5.00, 5.00, 56.00, 4.40, 4.40, 59.00, 0.00, 0.00, 94.00, 0.00, 0.00, 96.00, 0.00, 0.00, 88.00, 0.00, 0.00, 94.00),
    (16, 1172.00, 1172.00, 94.00, 8.00, 8.00, 54.00, 28.00, 28.00, 95.00, 95.00, 95.00, 96.00, 70.00, 70.00, 80.00, 0.00, 0.00, 95.00, 0.80, 0.80, 94.00, -1.00, -1.00, 90.00, 0.60, 0.60, 94.00, -1.10, -1.10, 47.00, 1.00, 1.00, 96.00, 1.30, 1.30, 95.00, 2.30, 2.30, 94.00, -0.90, -0.90, 0.00, 0.80, 0.80, 94.00, -0.70, -0.70, 0.00, 0.40, 0.40, 95.00, -0.70, -0.70, 0.00, 1.70, 1.70, 74.00, -0.50, -0.50, 0.00, 1.00, 1.00, 96.00, -0.80, -0.80, 0.00, 0.70, 0.70, 90.00, 0.20, 0.20, 93.00, 1.60, 1.60, 96.00, -0.80, -0.80, 0.00, 0.80, 0.80, 96.00, -0.80, -0.80, 0.00, 0.90, 0.90, 95.00, 0.00, 0.00, 59.00, 0.00, 0.00, 91.00, 0.00, 0.00, 59.00, 0.00, 0.00, 91.00, 0.00, 0.00, 59.00, 0.00, 0.00, 91.00, 26.00, 26.00, 96.00, 4.50, 4.50, 85.00, 0.00, 0.00, 59.00, 0.00, 0.00, 91.00, 0.00, 0.00, 90.00, 0.00, 0.00, 94.00, 0.00, 0.00, 59.00, 0.00, 0.00, 91.00, 0.00, 0.00, 90.00, 0.00, 0.00, 94.00, 0.00, 0.00, 94.00, 0.00, 0.00, 96.00, 5.00, 5.00, 56.00, 4.40, 4.40, 59.00, 0.00, 0.00, 94.00, 0.00, 0.00, 96.00, 0.00, 0.00, 88.00, 0.00, 0.00, 94.00),
    (17, 1172.00, 1172.00, 94.00, 8.00, 8.00, 54.00, 28.00, 28.00, 95.00, 95.00, 95.00, 96.00, 70.00, 70.00, 80.00, 0.00, 0.00, 95.00, 0.80, 0.80, 94.00, -1.00, -1.00, 90.00, 0.60, 0.60, 94.00, -1.10, -1.10, 47.00, 1.00, 1.00, 96.00, 1.30, 1.30, 95.00, 2.30, 2.30, 94.00, -0.90, -0.90, 0.00, 0.80, 0.80, 94.00, -0.70, -0.70, 0.00, 0.40, 0.40, 95.00, -0.70, -0.70, 0.00, 1.70, 1.70, 74.00, -0.50, -0.50, 0.00, 1.00, 1.00, 96.00, -0.80, -0.80, 0.00, 0.70, 0.70, 90.00, 0.20, 0.20, 93.00, 1.60, 1.60, 96.00, -0.80, -0.80, 0.00, 0.80, 0.80, 96.00, -0.80, -0.80, 0.00, 0.90, 0.90, 95.00, 0.00, 0.00, 59.00, 0.00, 0.00, 91.00, 0.00, 0.00, 59.00, 0.00, 0.00, 91.00, 0.00, 0.00, 59.00, 0.00, 0.00, 91.00, 26.00, 26.00, 96.00, 4.50, 4.50, 85.00, 0.00, 0.00, 59.00, 0.00, 0.00, 91.00, 0.00, 0.00, 90.00, 0.00, 0.00, 94.00, 0.00, 0.00, 59.00, 0.00, 0.00, 91.00, 0.00, 0.00, 90.00, 0.00, 0.00, 94.00, 0.00, 0.00, 94.00, 0.00, 0.00, 96.00, 5.00, 5.00, 56.00, 4.40, 4.40, 59.00, 0.00, 0.00, 94.00, 0.00, 0.00, 96.00, 0.00, 0.00, 88.00, 0.00, 0.00, 94.00),
    (18, 1172.00, 1172.00, 94.00, 8.00, 8.00, 54.00, 28.00, 28.00, 95.00, 95.00, 95.00, 96.00, 70.00, 70.00, 80.00, 0.00, 0.00, 95.00, 0.80, 0.80, 94.00, -1.00, -1.00, 90.00, 0.60, 0.60, 94.00, -1.10, -1.10, 47.00, 1.00, 1.00, 96.00, 1.30, 1.30, 95.00, 2.30, 2.30, 94.00, -0.90, -0.90, 0.00, 0.80, 0.80, 94.00, -0.70, -0.70, 0.00, 0.40, 0.40, 95.00, -0.70, -0.70, 0.00, 1.70, 1.70, 74.00, -0.50, -0.50, 0.00, 1.00, 1.00, 96.00, -0.80, -0.80, 0.00, 0.70, 0.70, 90.00, 0.20, 0.20, 93.00, 1.60, 1.60, 96.00, -0.80, -0.80, 0.00, 0.80, 0.80, 96.00, -0.80, -0.80, 0.00, 0.90, 0.90, 95.00, 0.00, 0.00, 59.00, 0.00, 0.00, 91.00, 0.00, 0.00, 59.00, 0.00, 0.00, 91.00, 0.00, 0.00, 59.00, 0.00, 0.00, 91.00, 26.00, 26.00, 96.00, 4.50, 4.50, 85.00, 0.00, 0.00, 59.00, 0.00, 0.00, 91.00, 0.00, 0.00, 90.00, 0.00, 0.00, 94.00, 0.00, 0.00, 59.00, 0.00, 0.00, 91.00, 0.00, 0.00, 90.00, 0.00, 0.00, 94.00, 0.00, 0.00, 94.00, 0.00, 0.00, 96.00, 5.00, 5.00, 56.00, 4.40, 4.40, 59.00, 0.00, 0.00, 94.00, 0.00, 0.00, 96.00, 0.00, 0.00, 88.00, 0.00, 0.00, 94.00),
    (19, 1172.00, 1172.00, 94.00, 8.00, 8.00, 54.00, 28.00, 28.00, 95.00, 95.00, 95.00, 96.00, 70.00, 70.00, 80.00, 0.00, 0.00, 95.00, 0.80, 0.80, 94.00, -1.00, -1.00, 90.00, 0.60, 0.60, 94.00, -1.10, -1.10, 47.00, 1.00, 1.00, 96.00, 1.30, 1.30, 95.00, 2.30, 2.30, 94.00, -0.90, -0.90, 0.00, 0.80, 0.80, 94.00, -0.70, -0.70, 0.00, 0.40, 0.40, 95.00, -0.70, -0.70, 0.00, 1.70, 1.70, 74.00, -0.50, -0.50, 0.00, 1.00, 1.00, 96.00, -0.80, -0.80, 0.00, 0.70, 0.70, 90.00, 0.20, 0.20, 93.00, 1.60, 1.60, 96.00, -0.80, -0.80, 0.00, 0.80, 0.80, 96.00, -0.80, -0.80, 0.00, 0.90, 0.90, 95.00, 0.00, 0.00, 59.00, 0.00, 0.00, 91.00, 0.00, 0.00, 59.00, 0.00, 0.00, 91.00, 0.00, 0.00, 59.00, 0.00, 0.00, 91.00, 26.00, 26.00, 96.00, 4.50, 4.50, 85.00, 0.00, 0.00, 59.00, 0.00, 0.00, 91.00, 0.00, 0.00, 90.00, 0.00, 0.00, 94.00, 0.00, 0.00, 59.00, 0.00, 0.00, 91.00, 0.00, 0.00, 90.00, 0.00, 0.00, 94.00, 0.00, 0.00, 94.00, 0.00, 0.00, 96.00, 5.00, 5.00, 56.00, 4.40, 4.40, 59.00, 0.00, 0.00, 94.00, 0.00, 0.00, 96.00, 0.00, 0.00, 88.00, 0.00, 0.00, 94.00),
    (20, 1172.00, 1172.00, 94.00, 8.00, 8.00, 54.00, 28.00, 28.00, 95.00, 95.00, 95.00, 96.00, 70.00, 70.00, 80.00, 0.00, 0.00, 95.00, 0.80, 0.80, 94.00, -1.00, -1.00, 90.00, 0.60, 0.60, 94.00, -1.10, -1.10, 47.00, 1.00, 1.00, 96.00, 1.30, 1.30, 95.00, 2.30, 2.30, 94.00, -0.90, -0.90, 0.00, 0.80, 0.80, 94.00, -0.70, -0.70, 0.00, 0.40, 0.40, 95.00, -0.70, -0.70, 0.00, 1.70, 1.70, 74.00, -0.50, -0.50, 0.00, 1.00, 1.00, 96.00, -0.80, -0.80, 0.00, 0.70, 0.70, 90.00, 0.20, 0.20, 93.00, 1.60, 1.60, 96.00, -0.80, -0.80, 0.00, 0.80, 0.80, 96.00, -0.80, -0.80, 0.00, 0.90, 0.90, 95.00, 0.00, 0.00, 59.00, 0.00, 0.00, 91.00, 0.00, 0.00, 59.00, 0.00, 0.00, 91.00, 0.00, 0.00, 59.00, 0.00, 0.00, 91.00, 26.00, 26.00, 96.00, 4.50, 4.50, 85.00, 0.00, 0.00, 59.00, 0.00, 0.00, 91.00, 0.00, 0.00, 90.00, 0.00, 0.00, 94.00, 0.00, 0.00, 59.00, 0.00, 0.00, 91.00, 0.00, 0.00, 90.00, 0.00, 0.00, 94.00, 0.00, 0.00, 94.00, 0.00, 0.00, 96.00, 5.00, 5.00, 56.00, 4.40, 4.40, 59.00, 0.00, 0.00, 94.00, 0.00, 0.00, 96.00, 0.00, 0.00, 88.00, 0.00, 0.00, 94.00);

-- ------------------------------------------------------------------------------------------------------------------------------------------------------------------------

-- REST_QUANTI
INSERT INTO public.rest_quanti (mpi_test_id, max_perfusion, ocr_max_perfusion, ocr_clv_max_perfusion, "interval", ocr_interval, ocr_clv_interval, es, ocr_es, ocr_clv_es, ed, ocr_ed, ocr_clv_ed, lvef, ocr_lvef, ocr_clv_lvef, lad_perf_mean, ocr_lad_perf_mean, ocr_clv_lad_perf_mean, lad_perf_sd, ocr_lad_perf_sd, ocr_clv_lad_perf_sd, lad_wt_mean, ocr_lad_wt_mean, ocr_clv_lad_wt_mean, lad_wt_sd, ocr_lad_wt_sd, ocr_clv_lad_wt_sd, lad_wm_mean, ocr_lad_wm_mean, ocr_clv_lad_wm_mean, lad_wm_sd, ocr_lad_wm_sd, ocr_clv_lad_wm_sd, lcx_perf_mean, ocr_lcx_perf_mean, ocr_clv_lcx_perf_mean, lcx_perf_sd, ocr_lcx_perf_sd, ocr_clv_lcx_perf_sd, lcx_wt_mean, ocr_lcx_wt_mean, ocr_clv_lcx_wt_mean, lcx_wt_sd, ocr_lcx_wt_sd, ocr_clv_lcx_wt_sd, lcx_wm_mean, ocr_lcx_wm_mean, ocr_clv_lcx_wm_mean, lcx_wm_sd, ocr_lcx_wm_sd, ocr_clv_lcx_wm_sd, rca_perf_mean, ocr_rca_perf_mean, ocr_clv_rca_perf_mean, rca_perf_sd, ocr_rca_perf_sd, ocr_clv_rca_perf_sd, rca_wt_mean, ocr_rca_wt_mean, ocr_clv_rca_wt_mean, rca_wt_sd, ocr_rca_wt_sd, ocr_clv_rca_wt_sd, rca_wm_mean, ocr_rca_wm_mean, ocr_clv_rca_wm_mean, rca_wm_sd, ocr_rca_wm_sd, ocr_clv_rca_wm_sd, tot_perf_mean, ocr_tot_perf_mean, ocr_clv_tot_perf_mean, tot_perf_sd, ocr_tot_perf_sd, ocr_clv_tot_perf_sd, tot_wt_mean, ocr_tot_wt_mean, ocr_clv_tot_wt_mean, tot_wt_sd, ocr_tot_wt_sd, ocr_clv_tot_wt_sd, tot_wm_mean, ocr_tot_wm_mean, ocr_clv_tot_wm_mean, tot_wm_sd, ocr_tot_wm_sd, ocr_clv_tot_wm_sd, lad_perf_ext, ocr_lad_perf_ext, ocr_clv_lad_perf_ext, lad_perf_sev, ocr_lad_perf_sev, ocr_clv_lad_perf_sev, lad_wt_ext, ocr_lad_wt_ext, ocr_clv_lad_wt_ext, lad_wt_sev, ocr_lad_wt_sev, ocr_clv_lad_wt_sev, lad_wm_ext, ocr_lad_wm_ext, ocr_clv_lad_wm_ext, lad_wm_sev, ocr_lad_wm_sev, ocr_clv_lad_wm_sev, lcx_perf_ext, ocr_lcx_perf_ext, ocr_clv_lcx_perf_ext, lcx_perf_sev, ocr_lcx_perf_sev, ocr_clv_lcx_perf_sev, lcx_wt_ext, ocr_lcx_wt_ext, ocr_clv_lcx_wt_ext, lcx_wt_sev, ocr_lcx_wt_sev, ocr_clv_lcx_wt_sev, lcx_wm_ext, ocr_lcx_wm_ext, ocr_clv_lcx_wm_ext, lcx_wm_sev, ocr_lcx_wm_sev, ocr_clv_lcx_wm_sev, rca_perf_ext, ocr_rca_perf_ext, ocr_clv_rca_perf_ext, rca_perf_sev, ocr_rca_perf_sev, ocr_clv_rca_perf_sev, rca_wt_ext, ocr_rca_wt_ext, ocr_clv_rca_wt_ext, rca_wt_sev, ocr_rca_wt_sev, ocr_clv_rca_wt_sev, rca_wm_ext, ocr_rca_wm_ext, ocr_clv_rca_wm_ext, rca_wm_sev, ocr_rca_wm_sev, ocr_clv_rca_wm_sev, tot_perf_ext, ocr_tot_perf_ext, ocr_clv_tot_perf_ext, tot_perf_sev, ocr_tot_perf_sev, ocr_clv_tot_perf_sev, tot_wt_ext, ocr_tot_wt_ext, ocr_clv_tot_wt_ext, tot_wt_sev, ocr_tot_wt_sev, ocr_clv_tot_wt_sev, tot_wm_ext, ocr_tot_wm_ext, ocr_clv_tot_wm_ext, tot_wm_sev, ocr_tot_wm_sev, ocr_clv_tot_wm_sev)
VALUES 
    (11, 415.00, 415.00, 93.00, 8.00, 8.00, 54.00, 31.00, 31.00, 94.00, 92.00, 92.00, 96.00, 66.00, 66.00, 84.00, 0.50, 0.50, 95.00, 0.80, 0.80, 94.00, 0.60, 0.60, 95.00, 0.80, 0.80, 94.00, -0.70, -0.70, 0.00, 0.60, 0.60, 94.00, 1.90, 1.90, 94.00, 2.10, 2.10, 91.00, -0.10, -0.10, 0.00, 1.40, 1.40, 96.00, -0.80, -0.80, 0.00, 0.30, 0.30, 94.00, 0.20, 0.20, 96.00, 1.50, 1.50, 96.00, -0.10, -0.10, 0.00, 0.80, 0.80, 95.00, -1.60, -1.60, 82.00, 0.80, 0.80, 96.00, 0.80, 0.80, 94.00, 1.50, 1.50, 95.00, 0.10, 0.10, 96.00, 1.20, 1.20, 93.00, -1.00, -1.00, 89.00, 0.70, 0.70, 85.00, 0.00, 0.00, 59.00, 0.00, 0.00, 91.00, 0.00, 0.00, 59.00, 0.00, 0.00, 91.00, 0.00, 0.00, 59.00, 0.00, 0.00, 91.00, 38.00, 38.00, 95.00, 4.10, 4.10, 78.00, 0.00, 0.00, 59.00, 0.00, 0.00, 91.00, 0.00, 0.00, 90.00, 0.00, 0.00, 94.00, 1.00, 1.00, 41.00, 2.60, 2.60, 94.00, 0.00, 0.00, 90.00, 0.00, 0.00, 94.00, 0.00, 0.00, 94.00, 0.00, 0.00, 96.00, 10.00, 10.00, 96.00, 3.70, 3.70, 91.00, 0.00, 0.00, 94.00, 0.00, 0.00, 96.00, 0.00, 0.00, 88.00, 0.00, 0.00, 94.00),
    (12, 415.00, 415.00, 93.00, 8.00, 8.00, 54.00, 31.00, 31.00, 94.00, 92.00, 92.00, 96.00, 66.00, 66.00, 84.00, 0.50, 0.50, 95.00, 0.80, 0.80, 94.00, 0.60, 0.60, 95.00, 0.80, 0.80, 94.00, -0.70, -0.70, 0.00, 0.60, 0.60, 94.00, 1.90, 1.90, 94.00, 2.10, 2.10, 91.00, -0.10, -0.10, 0.00, 1.40, 1.40, 96.00, -0.80, -0.80, 0.00, 0.30, 0.30, 94.00, 0.20, 0.20, 96.00, 1.50, 1.50, 96.00, -0.10, -0.10, 0.00, 0.80, 0.80, 95.00, -1.60, -1.60, 82.00, 0.80, 0.80, 96.00, 0.80, 0.80, 94.00, 1.50, 1.50, 95.00, 0.10, 0.10, 96.00, 1.20, 1.20, 93.00, -1.00, -1.00, 89.00, 0.70, 0.70, 85.00, 0.00, 0.00, 59.00, 0.00, 0.00, 91.00, 0.00, 0.00, 59.00, 0.00, 0.00, 91.00, 0.00, 0.00, 59.00, 0.00, 0.00, 91.00, 38.00, 38.00, 95.00, 4.10, 4.10, 78.00, 0.00, 0.00, 59.00, 0.00, 0.00, 91.00, 0.00, 0.00, 90.00, 0.00, 0.00, 94.00, 1.00, 1.00, 41.00, 2.60, 2.60, 94.00, 0.00, 0.00, 90.00, 0.00, 0.00, 94.00, 0.00, 0.00, 94.00, 0.00, 0.00, 96.00, 10.00, 10.00, 96.00, 3.70, 3.70, 91.00, 0.00, 0.00, 94.00, 0.00, 0.00, 96.00, 0.00, 0.00, 88.00, 0.00, 0.00, 94.00),
    (13, 415.00, 415.00, 93.00, 8.00, 8.00, 54.00, 31.00, 31.00, 94.00, 92.00, 92.00, 96.00, 66.00, 66.00, 84.00, 0.50, 0.50, 95.00, 0.80, 0.80, 94.00, 0.60, 0.60, 95.00, 0.80, 0.80, 94.00, -0.70, -0.70, 0.00, 0.60, 0.60, 94.00, 1.90, 1.90, 94.00, 2.10, 2.10, 91.00, -0.10, -0.10, 0.00, 1.40, 1.40, 96.00, -0.80, -0.80, 0.00, 0.30, 0.30, 94.00, 0.20, 0.20, 96.00, 1.50, 1.50, 96.00, -0.10, -0.10, 0.00, 0.80, 0.80, 95.00, -1.60, -1.60, 82.00, 0.80, 0.80, 96.00, 0.80, 0.80, 94.00, 1.50, 1.50, 95.00, 0.10, 0.10, 96.00, 1.20, 1.20, 93.00, -1.00, -1.00, 89.00, 0.70, 0.70, 85.00, 0.00, 0.00, 59.00, 0.00, 0.00, 91.00, 0.00, 0.00, 59.00, 0.00, 0.00, 91.00, 0.00, 0.00, 59.00, 0.00, 0.00, 91.00, 38.00, 38.00, 95.00, 4.10, 4.10, 78.00, 0.00, 0.00, 59.00, 0.00, 0.00, 91.00, 0.00, 0.00, 90.00, 0.00, 0.00, 94.00, 1.00, 1.00, 41.00, 2.60, 2.60, 94.00, 0.00, 0.00, 90.00, 0.00, 0.00, 94.00, 0.00, 0.00, 94.00, 0.00, 0.00, 96.00, 10.00, 10.00, 96.00, 3.70, 3.70, 91.00, 0.00, 0.00, 94.00, 0.00, 0.00, 96.00, 0.00, 0.00, 88.00, 0.00, 0.00, 94.00),
    (14, 415.00, 415.00, 93.00, 8.00, 8.00, 54.00, 31.00, 31.00, 94.00, 92.00, 92.00, 96.00, 66.00, 66.00, 84.00, 0.50, 0.50, 95.00, 0.80, 0.80, 94.00, 0.60, 0.60, 95.00, 0.80, 0.80, 94.00, -0.70, -0.70, 0.00, 0.60, 0.60, 94.00, 1.90, 1.90, 94.00, 2.10, 2.10, 91.00, -0.10, -0.10, 0.00, 1.40, 1.40, 96.00, -0.80, -0.80, 0.00, 0.30, 0.30, 94.00, 0.20, 0.20, 96.00, 1.50, 1.50, 96.00, -0.10, -0.10, 0.00, 0.80, 0.80, 95.00, -1.60, -1.60, 82.00, 0.80, 0.80, 96.00, 0.80, 0.80, 94.00, 1.50, 1.50, 95.00, 0.10, 0.10, 96.00, 1.20, 1.20, 93.00, -1.00, -1.00, 89.00, 0.70, 0.70, 85.00, 0.00, 0.00, 59.00, 0.00, 0.00, 91.00, 0.00, 0.00, 59.00, 0.00, 0.00, 91.00, 0.00, 0.00, 59.00, 0.00, 0.00, 91.00, 38.00, 38.00, 95.00, 4.10, 4.10, 78.00, 0.00, 0.00, 59.00, 0.00, 0.00, 91.00, 0.00, 0.00, 90.00, 0.00, 0.00, 94.00, 1.00, 1.00, 41.00, 2.60, 2.60, 94.00, 0.00, 0.00, 90.00, 0.00, 0.00, 94.00, 0.00, 0.00, 94.00, 0.00, 0.00, 96.00, 10.00, 10.00, 96.00, 3.70, 3.70, 91.00, 0.00, 0.00, 94.00, 0.00, 0.00, 96.00, 0.00, 0.00, 88.00, 0.00, 0.00, 94.00),
    (15, 415.00, 415.00, 93.00, 8.00, 8.00, 54.00, 31.00, 31.00, 94.00, 92.00, 92.00, 96.00, 66.00, 66.00, 84.00, 0.50, 0.50, 95.00, 0.80, 0.80, 94.00, 0.60, 0.60, 95.00, 0.80, 0.80, 94.00, -0.70, -0.70, 0.00, 0.60, 0.60, 94.00, 1.90, 1.90, 94.00, 2.10, 2.10, 91.00, -0.10, -0.10, 0.00, 1.40, 1.40, 96.00, -0.80, -0.80, 0.00, 0.30, 0.30, 94.00, 0.20, 0.20, 96.00, 1.50, 1.50, 96.00, -0.10, -0.10, 0.00, 0.80, 0.80, 95.00, -1.60, -1.60, 82.00, 0.80, 0.80, 96.00, 0.80, 0.80, 94.00, 1.50, 1.50, 95.00, 0.10, 0.10, 96.00, 1.20, 1.20, 93.00, -1.00, -1.00, 89.00, 0.70, 0.70, 85.00, 0.00, 0.00, 59.00, 0.00, 0.00, 91.00, 0.00, 0.00, 59.00, 0.00, 0.00, 91.00, 0.00, 0.00, 59.00, 0.00, 0.00, 91.00, 38.00, 38.00, 95.00, 4.10, 4.10, 78.00, 0.00, 0.00, 59.00, 0.00, 0.00, 91.00, 0.00, 0.00, 90.00, 0.00, 0.00, 94.00, 1.00, 1.00, 41.00, 2.60, 2.60, 94.00, 0.00, 0.00, 90.00, 0.00, 0.00, 94.00, 0.00, 0.00, 94.00, 0.00, 0.00, 96.00, 10.00, 10.00, 96.00, 3.70, 3.70, 91.00, 0.00, 0.00, 94.00, 0.00, 0.00, 96.00, 0.00, 0.00, 88.00, 0.00, 0.00, 94.00),
    (16, 415.00, 415.00, 93.00, 8.00, 8.00, 54.00, 31.00, 31.00, 94.00, 92.00, 92.00, 96.00, 66.00, 66.00, 84.00, 0.50, 0.50, 95.00, 0.80, 0.80, 94.00, 0.60, 0.60, 95.00, 0.80, 0.80, 94.00, -0.70, -0.70, 0.00, 0.60, 0.60, 94.00, 1.90, 1.90, 94.00, 2.10, 2.10, 91.00, -0.10, -0.10, 0.00, 1.40, 1.40, 96.00, -0.80, -0.80, 0.00, 0.30, 0.30, 94.00, 0.20, 0.20, 96.00, 1.50, 1.50, 96.00, -0.10, -0.10, 0.00, 0.80, 0.80, 95.00, -1.60, -1.60, 82.00, 0.80, 0.80, 96.00, 0.80, 0.80, 94.00, 1.50, 1.50, 95.00, 0.10, 0.10, 96.00, 1.20, 1.20, 93.00, -1.00, -1.00, 89.00, 0.70, 0.70, 85.00, 0.00, 0.00, 59.00, 0.00, 0.00, 91.00, 0.00, 0.00, 59.00, 0.00, 0.00, 91.00, 0.00, 0.00, 59.00, 0.00, 0.00, 91.00, 38.00, 38.00, 95.00, 4.10, 4.10, 78.00, 0.00, 0.00, 59.00, 0.00, 0.00, 91.00, 0.00, 0.00, 90.00, 0.00, 0.00, 94.00, 1.00, 1.00, 41.00, 2.60, 2.60, 94.00, 0.00, 0.00, 90.00, 0.00, 0.00, 94.00, 0.00, 0.00, 94.00, 0.00, 0.00, 96.00, 10.00, 10.00, 96.00, 3.70, 3.70, 91.00, 0.00, 0.00, 94.00, 0.00, 0.00, 96.00, 0.00, 0.00, 88.00, 0.00, 0.00, 94.00),
    (17, 415.00, 415.00, 93.00, 8.00, 8.00, 54.00, 31.00, 31.00, 94.00, 92.00, 92.00, 96.00, 66.00, 66.00, 84.00, 0.50, 0.50, 95.00, 0.80, 0.80, 94.00, 0.60, 0.60, 95.00, 0.80, 0.80, 94.00, -0.70, -0.70, 0.00, 0.60, 0.60, 94.00, 1.90, 1.90, 94.00, 2.10, 2.10, 91.00, -0.10, -0.10, 0.00, 1.40, 1.40, 96.00, -0.80, -0.80, 0.00, 0.30, 0.30, 94.00, 0.20, 0.20, 96.00, 1.50, 1.50, 96.00, -0.10, -0.10, 0.00, 0.80, 0.80, 95.00, -1.60, -1.60, 82.00, 0.80, 0.80, 96.00, 0.80, 0.80, 94.00, 1.50, 1.50, 95.00, 0.10, 0.10, 96.00, 1.20, 1.20, 93.00, -1.00, -1.00, 89.00, 0.70, 0.70, 85.00, 0.00, 0.00, 59.00, 0.00, 0.00, 91.00, 0.00, 0.00, 59.00, 0.00, 0.00, 91.00, 0.00, 0.00, 59.00, 0.00, 0.00, 91.00, 38.00, 38.00, 95.00, 4.10, 4.10, 78.00, 0.00, 0.00, 59.00, 0.00, 0.00, 91.00, 0.00, 0.00, 90.00, 0.00, 0.00, 94.00, 1.00, 1.00, 41.00, 2.60, 2.60, 94.00, 0.00, 0.00, 90.00, 0.00, 0.00, 94.00, 0.00, 0.00, 94.00, 0.00, 0.00, 96.00, 10.00, 10.00, 96.00, 3.70, 3.70, 91.00, 0.00, 0.00, 94.00, 0.00, 0.00, 96.00, 0.00, 0.00, 88.00, 0.00, 0.00, 94.00),
    (18, 415.00, 415.00, 93.00, 8.00, 8.00, 54.00, 31.00, 31.00, 94.00, 92.00, 92.00, 96.00, 66.00, 66.00, 84.00, 0.50, 0.50, 95.00, 0.80, 0.80, 94.00, 0.60, 0.60, 95.00, 0.80, 0.80, 94.00, -0.70, -0.70, 0.00, 0.60, 0.60, 94.00, 1.90, 1.90, 94.00, 2.10, 2.10, 91.00, -0.10, -0.10, 0.00, 1.40, 1.40, 96.00, -0.80, -0.80, 0.00, 0.30, 0.30, 94.00, 0.20, 0.20, 96.00, 1.50, 1.50, 96.00, -0.10, -0.10, 0.00, 0.80, 0.80, 95.00, -1.60, -1.60, 82.00, 0.80, 0.80, 96.00, 0.80, 0.80, 94.00, 1.50, 1.50, 95.00, 0.10, 0.10, 96.00, 1.20, 1.20, 93.00, -1.00, -1.00, 89.00, 0.70, 0.70, 85.00, 0.00, 0.00, 59.00, 0.00, 0.00, 91.00, 0.00, 0.00, 59.00, 0.00, 0.00, 91.00, 0.00, 0.00, 59.00, 0.00, 0.00, 91.00, 38.00, 38.00, 95.00, 4.10, 4.10, 78.00, 0.00, 0.00, 59.00, 0.00, 0.00, 91.00, 0.00, 0.00, 90.00, 0.00, 0.00, 94.00, 1.00, 1.00, 41.00, 2.60, 2.60, 94.00, 0.00, 0.00, 90.00, 0.00, 0.00, 94.00, 0.00, 0.00, 94.00, 0.00, 0.00, 96.00, 10.00, 10.00, 96.00, 3.70, 3.70, 91.00, 0.00, 0.00, 94.00, 0.00, 0.00, 96.00, 0.00, 0.00, 88.00, 0.00, 0.00, 94.00),
    (19, 415.00, 415.00, 93.00, 8.00, 8.00, 54.00, 31.00, 31.00, 94.00, 92.00, 92.00, 96.00, 66.00, 66.00, 84.00, 0.50, 0.50, 95.00, 0.80, 0.80, 94.00, 0.60, 0.60, 95.00, 0.80, 0.80, 94.00, -0.70, -0.70, 0.00, 0.60, 0.60, 94.00, 1.90, 1.90, 94.00, 2.10, 2.10, 91.00, -0.10, -0.10, 0.00, 1.40, 1.40, 96.00, -0.80, -0.80, 0.00, 0.30, 0.30, 94.00, 0.20, 0.20, 96.00, 1.50, 1.50, 96.00, -0.10, -0.10, 0.00, 0.80, 0.80, 95.00, -1.60, -1.60, 82.00, 0.80, 0.80, 96.00, 0.80, 0.80, 94.00, 1.50, 1.50, 95.00, 0.10, 0.10, 96.00, 1.20, 1.20, 93.00, -1.00, -1.00, 89.00, 0.70, 0.70, 85.00, 0.00, 0.00, 59.00, 0.00, 0.00, 91.00, 0.00, 0.00, 59.00, 0.00, 0.00, 91.00, 0.00, 0.00, 59.00, 0.00, 0.00, 91.00, 38.00, 38.00, 95.00, 4.10, 4.10, 78.00, 0.00, 0.00, 59.00, 0.00, 0.00, 91.00, 0.00, 0.00, 90.00, 0.00, 0.00, 94.00, 1.00, 1.00, 41.00, 2.60, 2.60, 94.00, 0.00, 0.00, 90.00, 0.00, 0.00, 94.00, 0.00, 0.00, 94.00, 0.00, 0.00, 96.00, 10.00, 10.00, 96.00, 3.70, 3.70, 91.00, 0.00, 0.00, 94.00, 0.00, 0.00, 96.00, 0.00, 0.00, 88.00, 0.00, 0.00, 94.00),
    (20, 415.00, 415.00, 93.00, 8.00, 8.00, 54.00, 31.00, 31.00, 94.00, 92.00, 92.00, 96.00, 66.00, 66.00, 84.00, 0.50, 0.50, 95.00, 0.80, 0.80, 94.00, 0.60, 0.60, 95.00, 0.80, 0.80, 94.00, -0.70, -0.70, 0.00, 0.60, 0.60, 94.00, 1.90, 1.90, 94.00, 2.10, 2.10, 91.00, -0.10, -0.10, 0.00, 1.40, 1.40, 96.00, -0.80, -0.80, 0.00, 0.30, 0.30, 94.00, 0.20, 0.20, 96.00, 1.50, 1.50, 96.00, -0.10, -0.10, 0.00, 0.80, 0.80, 95.00, -1.60, -1.60, 82.00, 0.80, 0.80, 96.00, 0.80, 0.80, 94.00, 1.50, 1.50, 95.00, 0.10, 0.10, 96.00, 1.20, 1.20, 93.00, -1.00, -1.00, 89.00, 0.70, 0.70, 85.00, 0.00, 0.00, 59.00, 0.00, 0.00, 91.00, 0.00, 0.00, 59.00, 0.00, 0.00, 91.00, 0.00, 0.00, 59.00, 0.00, 0.00, 91.00, 38.00, 38.00, 95.00, 4.10, 4.10, 78.00, 0.00, 0.00, 59.00, 0.00, 0.00, 91.00, 0.00, 0.00, 90.00, 0.00, 0.00, 94.00, 1.00, 1.00, 41.00, 2.60, 2.60, 94.00, 0.00, 0.00, 90.00, 0.00, 0.00, 94.00, 0.00, 0.00, 94.00, 0.00, 0.00, 96.00, 10.00, 10.00, 96.00, 3.70, 3.70, 91.00, 0.00, 0.00, 94.00, 0.00, 0.00, 96.00, 0.00, 0.00, 88.00, 0.00, 0.00, 94.00);

-- ------------------------------------------------------------------------------------------------------------------------------------------------------------------------

-- TPD_17_SEG
INSERT INTO public.tpd_17_seg (mpi_test_id, stress_sss, ocr_stress_sss, ocr_clv_stress_sss, stress_sts, ocr_stress_sts, ocr_clv_stress_sts, stress_sms, ocr_stress_sms, ocr_clv_stress_sms, rest_srs, ocr_rest_srs, ocr_clv_rest_srs, rest_sts, ocr_rest_sts, ocr_clv_rest_sts, rest_sms, ocr_rest_sms, ocr_clv_rest_sms) 
VALUES 
    (11, 3.00, 3.00, 32.00, 1.00, 1.00, 82.00, 0.00, 0.00, 74.00, 6.00, 6.00, 77.00, 814.00, 814.00, 80.00, 0.00, 0.00, 74.00),
    (12, 3.00, 3.00, 32.00, 1.00, 1.00, 82.00, 0.00, 0.00, 74.00, 6.00, 6.00, 77.00, 814.00, 814.00, 80.00, 0.00, 0.00, 74.00),
    (13, 3.00, 3.00, 32.00, 1.00, 1.00, 82.00, 0.00, 0.00, 74.00, 6.00, 6.00, 77.00, 814.00, 814.00, 80.00, 0.00, 0.00, 74.00),
    (14, 3.00, 3.00, 32.00, 1.00, 1.00, 82.00, 0.00, 0.00, 74.00, 6.00, 6.00, 77.00, 814.00, 814.00, 80.00, 0.00, 0.00, 74.00),
    (15, 3.00, 3.00, 32.00, 1.00, 1.00, 82.00, 0.00, 0.00, 74.00, 6.00, 6.00, 77.00, 814.00, 814.00, 80.00, 0.00, 0.00, 74.00),
    (16, 3.00, 3.00, 32.00, 1.00, 1.00, 82.00, 0.00, 0.00, 74.00, 6.00, 6.00, 77.00, 814.00, 814.00, 80.00, 0.00, 0.00, 74.00),
    (17, 3.00, 3.00, 32.00, 1.00, 1.00, 82.00, 0.00, 0.00, 74.00, 6.00, 6.00, 77.00, 814.00, 814.00, 80.00, 0.00, 0.00, 74.00),
    (18, 3.00, 3.00, 32.00, 1.00, 1.00, 82.00, 0.00, 0.00, 74.00, 6.00, 6.00, 77.00, 814.00, 814.00, 80.00, 0.00, 0.00, 74.00),
    (19, 3.00, 3.00, 32.00, 1.00, 1.00, 82.00, 0.00, 0.00, 74.00, 6.00, 6.00, 77.00, 814.00, 814.00, 80.00, 0.00, 0.00, 74.00),
    (20, 3.00, 3.00, 32.00, 1.00, 1.00, 82.00, 0.00, 0.00, 74.00, 6.00, 6.00, 77.00, 814.00, 814.00, 80.00, 0.00, 0.00, 74.00);

-- ------------------------------------------------------------------------------------------------------------------------------------------------------------------------

-- DOCTOR_DIAG
INSERT INTO doctor_diag
VALUES 
    (11, 11, 1, 1, 0, 1),
    (12, 12, 1, 0, 1, 1),
    (13, 13, 0, 1, 1, 1),
    (14, 14, 1, 0, 1, 1),
    (15, 15, 1, 1, 0, 1),
    (16, 16, 1, 1, 0, 1),
    (17, 17, 1, 0, 1, 1),
    (18, 18, 0, 1, 1, 1),
    (19, 19, 1, 0, 1, 1),
    (20, 20, 1, 1, 0, 1);

-- ------------------------------------------------------------------------------------------------------------------------------------------------------------------------
